Feature,Importance,Std_Dev
hgb_centered,0.10000000000000002,0.0037164664606551072
age,0.08508474576271188,0.008288118262780381
BMI,0.07477966101694916,0.007427055983768963
